step,episode,episode_return,episode_length,seed
2048,1,11.0,11,1
2048,2,14.0,14,1
2048,3,17.0,17,1
2048,4,18.0,18,1
2048,5,15.0,15,1
2048,6,29.0,29,1
2048,7,17.0,17,1
2048,8,10.0,10,1
2048,9,14.0,14,1
2048,10,15.0,15,1
2048,11,16.0,16,1
2048,12,21.0,21,1
2048,13,35.0,35,1
2048,14,42.0,42,1
2048,15,15.0,15,1
2048,16,45.0,45,1
2048,17,13.0,13,1
2048,18,37.0,37,1
2048,19,14.0,14,1
2048,20,15.0,15,1
2048,21,45.0,45,1
2048,22,15.0,15,1
2048,23,19.0,19,1
2048,24,19.0,19,1
2048,25,26.0,26,1
2048,26,16.0,16,1
2048,27,49.0,49,1
2048,28,23.0,23,1
2048,29,25.0,25,1
2048,30,16.0,16,1
2048,31,34.0,34,1
2048,32,21.0,21,1
2048,33,37.0,37,1
2048,34,15.0,15,1
2048,35,22.0,22,1
2048,36,19.0,19,1
2048,37,18.0,18,1
2048,38,17.0,17,1
2048,39,57.0,57,1
2048,40,12.0,12,1
2048,41,10.0,10,1
2048,42,38.0,38,1
2048,43,24.0,24,1
2048,44,19.0,19,1
2048,45,35.0,35,1
2048,46,22.0,22,1
2048,47,16.0,16,1
2048,48,10.0,10,1
2048,49,27.0,27,1
2048,50,12.0,12,1
2048,51,12.0,12,1
2048,52,28.0,28,1
2048,53,17.0,17,1
2048,54,65.0,65,1
2048,55,17.0,17,1
2048,56,11.0,11,1
2048,57,11.0,11,1
2048,58,30.0,30,1
2048,59,8.0,8,1
2048,60,28.0,28,1
2048,61,26.0,26,1
2048,62,21.0,21,1
2048,63,20.0,20,1
2048,64,44.0,44,1
2048,65,31.0,31,1
2048,66,27.0,27,1
2048,67,15.0,15,1
2048,68,38.0,38,1
2048,69,14.0,14,1
2048,70,17.0,17,1
2048,71,35.0,35,1
2048,72,23.0,23,1
2048,73,23.0,23,1
2048,74,31.0,31,1
2048,75,13.0,13,1
2048,76,13.0,13,1
2048,77,15.0,15,1
2048,78,19.0,19,1
2048,79,24.0,24,1
2048,80,51.0,51,1
2048,81,17.0,17,1
2048,82,20.0,20,1
2048,83,11.0,11,1
2048,84,35.0,35,1
2048,85,16.0,16,1
2048,86,15.0,15,1
2048,87,22.0,22,1
2048,88,15.0,15,1
2048,89,13.0,13,1
2048,90,16.0,16,1
4096,91,36.0,36,1
4096,92,30.0,30,1
4096,93,21.0,21,1
4096,94,32.0,32,1
4096,95,35.0,35,1
4096,96,18.0,18,1
4096,97,37.0,37,1
4096,98,26.0,26,1
4096,99,16.0,16,1
4096,100,40.0,40,1
4096,101,27.0,27,1
4096,102,57.0,57,1
4096,103,16.0,16,1
4096,104,22.0,22,1
4096,105,26.0,26,1
4096,106,41.0,41,1
4096,107,24.0,24,1
4096,108,41.0,41,1
4096,109,39.0,39,1
4096,110,26.0,26,1
4096,111,42.0,42,1
4096,112,24.0,24,1
4096,113,22.0,22,1
4096,114,52.0,52,1
4096,115,90.0,90,1
4096,116,33.0,33,1
4096,117,32.0,32,1
4096,118,24.0,24,1
4096,119,34.0,34,1
4096,120,30.0,30,1
4096,121,37.0,37,1
4096,122,49.0,49,1
4096,123,96.0,96,1
4096,124,37.0,37,1
4096,125,24.0,24,1
4096,126,30.0,30,1
4096,127,40.0,40,1
4096,128,25.0,25,1
4096,129,58.0,58,1
4096,130,13.0,13,1
4096,131,53.0,53,1
4096,132,64.0,64,1
4096,133,61.0,61,1
4096,134,56.0,56,1
4096,135,44.0,44,1
4096,136,26.0,26,1
4096,137,14.0,14,1
4096,138,9.0,9,1
4096,139,32.0,32,1
4096,140,95.0,95,1
4096,141,37.0,37,1
4096,142,9.0,9,1
4096,143,25.0,25,1
4096,144,20.0,20,1
4096,145,54.0,54,1
6144,146,115.0,115,1
6144,147,75.0,75,1
6144,148,31.0,31,1
6144,149,87.0,87,1
6144,150,26.0,26,1
6144,151,37.0,37,1
6144,152,142.0,142,1
6144,153,15.0,15,1
6144,154,83.0,83,1
6144,155,41.0,41,1
6144,156,57.0,57,1
6144,157,16.0,16,1
6144,158,53.0,53,1
6144,159,96.0,96,1
6144,160,113.0,113,1
6144,161,169.0,169,1
6144,162,78.0,78,1
6144,163,19.0,19,1
6144,164,26.0,26,1
6144,165,25.0,25,1
6144,166,56.0,56,1
6144,167,27.0,27,1
6144,168,145.0,145,1
6144,169,28.0,28,1
6144,170,23.0,23,1
6144,171,88.0,88,1
6144,172,48.0,48,1
6144,173,65.0,65,1
6144,174,113.0,113,1
6144,175,33.0,33,1
6144,176,53.0,53,1
6144,177,47.0,47,1
8192,178,123.0,123,1
8192,179,55.0,55,1
8192,180,133.0,133,1
8192,181,60.0,60,1
8192,182,152.0,152,1
8192,183,37.0,37,1
8192,184,42.0,42,1
8192,185,56.0,56,1
8192,186,120.0,120,1
8192,187,27.0,27,1
8192,188,103.0,103,1
8192,189,17.0,17,1
8192,190,72.0,72,1
8192,191,86.0,86,1
8192,192,122.0,122,1
8192,193,96.0,96,1
8192,194,36.0,36,1
8192,195,75.0,75,1
8192,196,61.0,61,1
8192,197,88.0,88,1
8192,198,89.0,89,1
8192,199,95.0,95,1
8192,200,48.0,48,1
8192,201,143.0,143,1
8192,202,81.0,81,1
8192,203,24.0,24,1
10240,204,105.0,105,1
10240,205,72.0,72,1
10240,206,82.0,82,1
10240,207,82.0,82,1
10240,208,272.0,272,1
10240,209,82.0,82,1
10240,210,98.0,98,1
10240,211,174.0,174,1
10240,212,40.0,40,1
10240,213,241.0,241,1
10240,214,122.0,122,1
10240,215,17.0,17,1
10240,216,120.0,120,1
10240,217,115.0,115,1
10240,218,172.0,172,1
10240,219,135.0,135,1
12288,220,170.0,170,1
12288,221,329.0,329,1
12288,222,194.0,194,1
12288,223,203.0,203,1
12288,224,70.0,70,1
12288,225,85.0,85,1
12288,226,105.0,105,1
12288,227,106.0,106,1
12288,228,275.0,275,1
12288,229,100.0,100,1
12288,230,216.0,216,1
12288,231,91.0,91,1
14336,232,434.0,434,1
14336,233,217.0,217,1
14336,234,147.0,147,1
14336,235,253.0,253,1
14336,236,120.0,120,1
14336,237,168.0,168,1
14336,238,199.0,199,1
14336,239,500.0,500,1
16384,240,394.0,394,1
16384,241,226.0,226,1
16384,242,381.0,381,1
16384,243,500.0,500,1
16384,244,288.0,288,1
18432,245,432.0,432,1
18432,246,299.0,299,1
18432,247,481.0,481,1
18432,248,500.0,500,1
20480,249,384.0,384,1
20480,250,434.0,434,1
20480,251,309.0,309,1
20480,252,268.0,268,1
20480,253,339.0,339,1
22528,254,500.0,500,1
22528,255,500.0,500,1
22528,256,500.0,500,1
22528,257,401.0,401,1
24576,258,438.0,438,1
24576,259,500.0,500,1
24576,260,500.0,500,1
24576,261,500.0,500,1
26624,262,442.0,442,1
26624,263,500.0,500,1
26624,264,500.0,500,1
26624,265,500.0,500,1
28672,266,500.0,500,1
28672,267,500.0,500,1
28672,268,500.0,500,1
28672,269,500.0,500,1
30720,270,500.0,500,1
30720,271,500.0,500,1
30720,272,500.0,500,1
30720,273,500.0,500,1
32768,274,500.0,500,1
32768,275,500.0,500,1
32768,276,500.0,500,1
32768,277,500.0,500,1
34816,278,500.0,500,1
34816,279,500.0,500,1
34816,280,500.0,500,1
34816,281,500.0,500,1
36864,282,500.0,500,1
36864,283,500.0,500,1
36864,284,500.0,500,1
36864,285,297.0,297,1
38912,286,500.0,500,1
38912,287,500.0,500,1
38912,288,500.0,500,1
38912,289,500.0,500,1
40960,290,500.0,500,1
40960,291,217.0,217,1
40960,292,500.0,500,1
40960,293,370.0,370,1
43008,294,500.0,500,1
43008,295,500.0,500,1
43008,296,500.0,500,1
43008,297,449.0,449,1
45056,298,500.0,500,1
45056,299,153.0,153,1
45056,300,330.0,330,1
45056,301,326.0,326,1
45056,302,405.0,405,1
45056,303,327.0,327,1
47104,304,500.0,500,1
47104,305,500.0,500,1
47104,306,500.0,500,1
47104,307,500.0,500,1
49152,308,500.0,500,1
49152,309,381.0,381,1
49152,310,500.0,500,1
49152,311,500.0,500,1
51200,312,500.0,500,1
51200,313,500.0,500,1
51200,314,414.0,414,1
51200,315,500.0,500,1
53248,316,500.0,500,1
53248,317,371.0,371,1
53248,318,500.0,500,1
53248,319,500.0,500,1
55296,320,500.0,500,1
55296,321,500.0,500,1
55296,322,500.0,500,1
55296,323,500.0,500,1
57344,324,445.0,445,1
57344,325,500.0,500,1
57344,326,500.0,500,1
57344,327,466.0,466,1
59392,328,500.0,500,1
59392,329,500.0,500,1
59392,330,500.0,500,1
59392,331,500.0,500,1
61440,332,500.0,500,1
61440,333,312.0,312,1
61440,334,500.0,500,1
61440,335,500.0,500,1
63488,336,500.0,500,1
63488,337,500.0,500,1
63488,338,406.0,406,1
63488,339,500.0,500,1
65536,340,500.0,500,1
65536,341,500.0,500,1
65536,342,457.0,457,1
65536,343,500.0,500,1
67584,344,500.0,500,1
67584,345,500.0,500,1
67584,346,500.0,500,1
67584,347,138.0,138,1
69632,348,500.0,500,1
69632,349,500.0,500,1
69632,350,480.0,480,1
69632,351,500.0,500,1
71680,352,500.0,500,1
71680,353,500.0,500,1
71680,354,500.0,500,1
71680,355,500.0,500,1
73728,356,312.0,312,1
73728,357,198.0,198,1
73728,358,459.0,459,1
73728,359,245.0,245,1
73728,360,500.0,500,1
75776,361,464.0,464,1
75776,362,500.0,500,1
75776,363,500.0,500,1
75776,364,500.0,500,1
77824,365,500.0,500,1
77824,366,500.0,500,1
77824,367,500.0,500,1
77824,368,500.0,500,1
79872,369,500.0,500,1
79872,370,500.0,500,1
79872,371,500.0,500,1
79872,372,500.0,500,1
81920,373,500.0,500,1
81920,374,500.0,500,1
81920,375,500.0,500,1
81920,376,500.0,500,1
83968,377,500.0,500,1
83968,378,500.0,500,1
83968,379,500.0,500,1
83968,380,500.0,500,1
86016,381,170.0,170,1
86016,382,500.0,500,1
86016,383,253.0,253,1
86016,384,99.0,99,1
86016,385,362.0,362,1
86016,386,500.0,500,1
88064,387,213.0,213,1
88064,388,321.0,321,1
88064,389,500.0,500,1
88064,390,500.0,500,1
88064,391,356.0,356,1
90112,392,500.0,500,1
90112,393,500.0,500,1
90112,394,500.0,500,1
90112,395,500.0,500,1
92160,396,500.0,500,1
92160,397,221.0,221,1
92160,398,500.0,500,1
92160,399,500.0,500,1
94208,400,500.0,500,1
94208,401,500.0,500,1
94208,402,270.0,270,1
94208,403,500.0,500,1
96256,404,500.0,500,1
96256,405,500.0,500,1
96256,406,500.0,500,1
96256,407,500.0,500,1
98304,408,500.0,500,1
98304,409,500.0,500,1
98304,410,500.0,500,1
98304,411,500.0,500,1
100352,412,500.0,500,1
100352,413,500.0,500,1
100352,414,474.0,474,1
100352,415,500.0,500,1
102400,416,500.0,500,1
102400,417,500.0,500,1
102400,418,500.0,500,1
102400,419,500.0,500,1
104448,420,500.0,500,1
104448,421,500.0,500,1
104448,422,500.0,500,1
104448,423,500.0,500,1
106496,424,500.0,500,1
106496,425,500.0,500,1
106496,426,500.0,500,1
106496,427,500.0,500,1
108544,428,394.0,394,1
108544,429,473.0,473,1
108544,430,500.0,500,1
108544,431,500.0,500,1
110592,432,47.0,47,1
110592,433,148.0,148,1
110592,434,171.0,171,1
110592,435,239.0,239,1
110592,436,106.0,106,1
110592,437,90.0,90,1
110592,438,194.0,194,1
110592,439,154.0,154,1
110592,440,288.0,288,1
110592,441,371.0,371,1
110592,442,173.0,173,1
112640,443,245.0,245,1
112640,444,239.0,239,1
112640,445,274.0,274,1
112640,446,255.0,255,1
112640,447,129.0,129,1
112640,448,188.0,188,1
112640,449,117.0,117,1
112640,450,232.0,232,1
114688,451,208.0,208,1
114688,452,500.0,500,1
114688,453,500.0,500,1
114688,454,405.0,405,1
116736,455,457.0,457,1
116736,456,306.0,306,1
116736,457,500.0,500,1
116736,458,294.0,294,1
116736,459,343.0,343,1
118784,460,500.0,500,1
118784,461,367.0,367,1
118784,462,500.0,500,1
118784,463,280.0,280,1
118784,464,173.0,173,1
120832,465,370.0,370,1
120832,466,411.0,411,1
120832,467,500.0,500,1
120832,468,366.0,366,1
120832,469,345.0,345,1
122880,470,500.0,500,1
122880,471,500.0,500,1
122880,472,360.0,360,1
122880,473,500.0,500,1
124928,474,500.0,500,1
124928,475,500.0,500,1
124928,476,500.0,500,1
124928,477,500.0,500,1
126976,478,153.0,153,1
126976,479,500.0,500,1
126976,480,323.0,323,1
126976,481,269.0,269,1
126976,482,229.0,229,1
126976,483,500.0,500,1
129024,484,500.0,500,1
129024,485,326.0,326,1
129024,486,500.0,500,1
129024,487,500.0,500,1
131072,488,500.0,500,1
131072,489,500.0,500,1
131072,490,462.0,462,1
131072,491,500.0,500,1
133120,492,346.0,346,1
133120,493,500.0,500,1
133120,494,500.0,500,1
133120,495,500.0,500,1
135168,496,500.0,500,1
135168,497,500.0,500,1
135168,498,500.0,500,1
135168,499,500.0,500,1
137216,500,500.0,500,1
137216,501,500.0,500,1
137216,502,318.0,318,1
137216,503,500.0,500,1
139264,504,500.0,500,1
139264,505,500.0,500,1
139264,506,500.0,500,1
139264,507,500.0,500,1
141312,508,500.0,500,1
141312,509,500.0,500,1
141312,510,500.0,500,1
141312,511,500.0,500,1
143360,512,500.0,500,1
143360,513,500.0,500,1
143360,514,500.0,500,1
143360,515,500.0,500,1
145408,516,500.0,500,1
145408,517,500.0,500,1
145408,518,500.0,500,1
145408,519,500.0,500,1
147456,520,500.0,500,1
147456,521,500.0,500,1
147456,522,500.0,500,1
147456,523,500.0,500,1
149504,524,500.0,500,1
149504,525,500.0,500,1
149504,526,500.0,500,1
149504,527,500.0,500,1
151552,528,500.0,500,1
151552,529,500.0,500,1
151552,530,500.0,500,1
151552,531,500.0,500,1
153600,532,268.0,268,1
153600,533,152.0,152,1
153600,534,500.0,500,1
153600,535,500.0,500,1
153600,536,500.0,500,1
155648,537,13.0,13,1
155648,538,500.0,500,1
155648,539,146.0,146,1
155648,540,296.0,296,1
155648,541,500.0,500,1
155648,542,500.0,500,1
157696,543,500.0,500,1
157696,544,500.0,500,1
157696,545,380.0,380,1
157696,546,500.0,500,1
159744,547,500.0,500,1
159744,548,500.0,500,1
159744,549,500.0,500,1
159744,550,500.0,500,1
161792,551,500.0,500,1
161792,552,500.0,500,1
161792,553,500.0,500,1
161792,554,500.0,500,1
163840,555,500.0,500,1
163840,556,500.0,500,1
163840,557,500.0,500,1
163840,558,500.0,500,1
165888,559,500.0,500,1
165888,560,500.0,500,1
165888,561,500.0,500,1
165888,562,500.0,500,1
167936,563,500.0,500,1
167936,564,500.0,500,1
167936,565,500.0,500,1
167936,566,500.0,500,1
169984,567,500.0,500,1
169984,568,500.0,500,1
169984,569,500.0,500,1
169984,570,500.0,500,1
172032,571,500.0,500,1
172032,572,500.0,500,1
172032,573,500.0,500,1
172032,574,500.0,500,1
174080,575,132.0,132,1
174080,576,500.0,500,1
174080,577,500.0,500,1
174080,578,500.0,500,1
176128,579,500.0,500,1
176128,580,477.0,477,1
176128,581,500.0,500,1
176128,582,500.0,500,1
178176,583,500.0,500,1
178176,584,500.0,500,1
178176,585,500.0,500,1
178176,586,500.0,500,1
180224,587,139.0,139,1
180224,588,500.0,500,1
180224,589,500.0,500,1
180224,590,500.0,500,1
182272,591,500.0,500,1
182272,592,500.0,500,1
182272,593,500.0,500,1
182272,594,500.0,500,1
184320,595,500.0,500,1
184320,596,500.0,500,1
184320,597,500.0,500,1
184320,598,500.0,500,1
186368,599,500.0,500,1
186368,600,500.0,500,1
186368,601,500.0,500,1
186368,602,500.0,500,1
188416,603,500.0,500,1
188416,604,500.0,500,1
188416,605,500.0,500,1
188416,606,500.0,500,1
190464,607,297.0,297,1
190464,608,371.0,371,1
190464,609,500.0,500,1
190464,610,500.0,500,1
192512,611,500.0,500,1
192512,612,124.0,124,1
192512,613,500.0,500,1
192512,614,500.0,500,1
194560,615,500.0,500,1
194560,616,500.0,500,1
194560,617,500.0,500,1
194560,618,500.0,500,1
196608,619,500.0,500,1
196608,620,500.0,500,1
196608,621,500.0,500,1
196608,622,500.0,500,1
198656,623,500.0,500,1
198656,624,500.0,500,1
198656,625,500.0,500,1
198656,626,500.0,500,1
200704,627,500.0,500,1
200704,628,500.0,500,1
200704,629,500.0,500,1
200704,630,500.0,500,1
202752,631,500.0,500,1
202752,632,500.0,500,1
202752,633,500.0,500,1
202752,634,500.0,500,1
204800,635,500.0,500,1
204800,636,500.0,500,1
204800,637,500.0,500,1
204800,638,500.0,500,1
206848,639,500.0,500,1
206848,640,500.0,500,1
206848,641,500.0,500,1
206848,642,500.0,500,1
208896,643,500.0,500,1
208896,644,500.0,500,1
208896,645,500.0,500,1
208896,646,500.0,500,1
210944,647,500.0,500,1
210944,648,500.0,500,1
210944,649,500.0,500,1
210944,650,500.0,500,1
212992,651,500.0,500,1
212992,652,500.0,500,1
212992,653,500.0,500,1
212992,654,500.0,500,1
215040,655,284.0,284,1
215040,656,500.0,500,1
215040,657,500.0,500,1
215040,658,500.0,500,1
217088,659,500.0,500,1
217088,660,500.0,500,1
217088,661,500.0,500,1
217088,662,500.0,500,1
219136,663,500.0,500,1
219136,664,500.0,500,1
219136,665,500.0,500,1
219136,666,500.0,500,1
221184,667,500.0,500,1
221184,668,500.0,500,1
221184,669,500.0,500,1
221184,670,500.0,500,1
223232,671,500.0,500,1
223232,672,500.0,500,1
223232,673,500.0,500,1
223232,674,500.0,500,1
225280,675,500.0,500,1
225280,676,500.0,500,1
225280,677,500.0,500,1
225280,678,500.0,500,1
227328,679,500.0,500,1
227328,680,500.0,500,1
227328,681,496.0,496,1
227328,682,352.0,352,1
229376,683,358.0,358,1
229376,684,500.0,500,1
229376,685,412.0,412,1
229376,686,305.0,305,1
229376,687,326.0,326,1
231424,688,500.0,500,1
231424,689,500.0,500,1
231424,690,195.0,195,1
231424,691,500.0,500,1
233472,692,500.0,500,1
233472,693,500.0,500,1
233472,694,500.0,500,1
233472,695,500.0,500,1
235520,696,500.0,500,1
235520,697,500.0,500,1
235520,698,500.0,500,1
235520,699,500.0,500,1
237568,700,500.0,500,1
237568,701,500.0,500,1
237568,702,500.0,500,1
237568,703,500.0,500,1
239616,704,500.0,500,1
239616,705,500.0,500,1
239616,706,500.0,500,1
239616,707,275.0,275,1
241664,708,484.0,484,1
241664,709,496.0,496,1
241664,710,500.0,500,1
241664,711,500.0,500,1
243712,712,500.0,500,1
243712,713,500.0,500,1
243712,714,363.0,363,1
243712,715,326.0,326,1
245760,716,500.0,500,1
245760,717,500.0,500,1
245760,718,500.0,500,1
245760,719,500.0,500,1
247808,720,500.0,500,1
247808,721,500.0,500,1
247808,722,500.0,500,1
247808,723,500.0,500,1
249856,724,500.0,500,1
249856,725,500.0,500,1
249856,726,500.0,500,1
249856,727,500.0,500,1
251904,728,500.0,500,1
251904,729,500.0,500,1
251904,730,500.0,500,1
251904,731,486.0,486,1
253952,732,376.0,376,1
253952,733,500.0,500,1
253952,734,347.0,347,1
253952,735,500.0,500,1
256000,736,500.0,500,1
256000,737,266.0,266,1
256000,738,390.0,390,1
256000,739,375.0,375,1
256000,740,494.0,494,1
258048,741,500.0,500,1
258048,742,500.0,500,1
258048,743,500.0,500,1
258048,744,500.0,500,1
260096,745,500.0,500,1
260096,746,500.0,500,1
260096,747,500.0,500,1
260096,748,491.0,491,1
262144,749,500.0,500,1
262144,750,500.0,500,1
262144,751,500.0,500,1
262144,752,500.0,500,1
264192,753,500.0,500,1
264192,754,497.0,497,1
264192,755,500.0,500,1
264192,756,500.0,500,1
266240,757,500.0,500,1
266240,758,500.0,500,1
266240,759,500.0,500,1
266240,760,500.0,500,1
268288,761,500.0,500,1
268288,762,278.0,278,1
268288,763,500.0,500,1
268288,764,500.0,500,1
270336,765,500.0,500,1
270336,766,277.0,277,1
270336,767,500.0,500,1
270336,768,500.0,500,1
272384,769,500.0,500,1
272384,770,500.0,500,1
272384,771,500.0,500,1
272384,772,500.0,500,1
274432,773,500.0,500,1
274432,774,500.0,500,1
274432,775,500.0,500,1
274432,776,500.0,500,1
276480,777,500.0,500,1
276480,778,500.0,500,1
276480,779,500.0,500,1
276480,780,500.0,500,1
278528,781,500.0,500,1
278528,782,500.0,500,1
278528,783,500.0,500,1
278528,784,500.0,500,1
280576,785,147.0,147,1
280576,786,500.0,500,1
280576,787,500.0,500,1
280576,788,500.0,500,1
282624,789,500.0,500,1
282624,790,500.0,500,1
282624,791,500.0,500,1
282624,792,500.0,500,1
284672,793,500.0,500,1
284672,794,500.0,500,1
284672,795,500.0,500,1
284672,796,500.0,500,1
286720,797,500.0,500,1
286720,798,500.0,500,1
286720,799,500.0,500,1
286720,800,500.0,500,1
288768,801,500.0,500,1
288768,802,500.0,500,1
288768,803,500.0,500,1
288768,804,500.0,500,1
290816,805,500.0,500,1
290816,806,500.0,500,1
290816,807,500.0,500,1
290816,808,500.0,500,1
292864,809,500.0,500,1
292864,810,500.0,500,1
292864,811,500.0,500,1
292864,812,500.0,500,1
294912,813,71.0,71,1
294912,814,500.0,500,1
294912,815,500.0,500,1
294912,816,500.0,500,1
296960,817,500.0,500,1
296960,818,500.0,500,1
296960,819,500.0,500,1
296960,820,500.0,500,1
299008,821,500.0,500,1
299008,822,500.0,500,1
299008,823,500.0,500,1
299008,824,500.0,500,1
301056,825,500.0,500,1
301056,826,500.0,500,1
301056,827,500.0,500,1
301056,828,500.0,500,1
303104,829,500.0,500,1
303104,830,500.0,500,1
303104,831,500.0,500,1
303104,832,500.0,500,1
305152,833,500.0,500,1
305152,834,500.0,500,1
305152,835,390.0,390,1
305152,836,434.0,434,1
307200,837,500.0,500,1
307200,838,500.0,500,1
307200,839,500.0,500,1
307200,840,500.0,500,1
309248,841,500.0,500,1
309248,842,500.0,500,1
309248,843,500.0,500,1
309248,844,500.0,500,1
311296,845,500.0,500,1
311296,846,478.0,478,1
311296,847,500.0,500,1
311296,848,500.0,500,1
313344,849,500.0,500,1
313344,850,500.0,500,1
313344,851,500.0,500,1
313344,852,500.0,500,1
315392,853,500.0,500,1
315392,854,500.0,500,1
315392,855,500.0,500,1
315392,856,500.0,500,1
317440,857,415.0,415,1
317440,858,500.0,500,1
317440,859,500.0,500,1
317440,860,500.0,500,1
319488,861,201.0,201,1
319488,862,500.0,500,1
319488,863,500.0,500,1
319488,864,500.0,500,1
321536,865,500.0,500,1
321536,866,500.0,500,1
321536,867,500.0,500,1
321536,868,500.0,500,1
323584,869,500.0,500,1
323584,870,434.0,434,1
323584,871,500.0,500,1
323584,872,500.0,500,1
325632,873,500.0,500,1
325632,874,500.0,500,1
325632,875,500.0,500,1
325632,876,500.0,500,1
327680,877,500.0,500,1
327680,878,500.0,500,1
327680,879,500.0,500,1
327680,880,500.0,500,1
329728,881,500.0,500,1
329728,882,500.0,500,1
329728,883,500.0,500,1
329728,884,500.0,500,1
331776,885,375.0,375,1
331776,886,500.0,500,1
331776,887,341.0,341,1
331776,888,500.0,500,1
333824,889,500.0,500,1
333824,890,500.0,500,1
333824,891,500.0,500,1
333824,892,500.0,500,1
335872,893,500.0,500,1
335872,894,500.0,500,1
335872,895,500.0,500,1
335872,896,500.0,500,1
337920,897,500.0,500,1
337920,898,500.0,500,1
337920,899,500.0,500,1
337920,900,500.0,500,1
339968,901,500.0,500,1
339968,902,500.0,500,1
339968,903,500.0,500,1
339968,904,500.0,500,1
342016,905,500.0,500,1
342016,906,500.0,500,1
342016,907,500.0,500,1
342016,908,500.0,500,1
344064,909,500.0,500,1
344064,910,500.0,500,1
344064,911,500.0,500,1
344064,912,500.0,500,1
346112,913,500.0,500,1
346112,914,500.0,500,1
346112,915,500.0,500,1
346112,916,500.0,500,1
348160,917,500.0,500,1
348160,918,500.0,500,1
348160,919,500.0,500,1
348160,920,500.0,500,1
350208,921,500.0,500,1
350208,922,500.0,500,1
350208,923,500.0,500,1
350208,924,500.0,500,1
352256,925,500.0,500,1
352256,926,500.0,500,1
352256,927,500.0,500,1
352256,928,500.0,500,1
354304,929,500.0,500,1
354304,930,500.0,500,1
354304,931,500.0,500,1
354304,932,500.0,500,1
356352,933,500.0,500,1
356352,934,500.0,500,1
356352,935,500.0,500,1
356352,936,500.0,500,1
358400,937,500.0,500,1
358400,938,500.0,500,1
358400,939,500.0,500,1
358400,940,500.0,500,1
360448,941,500.0,500,1
360448,942,500.0,500,1
360448,943,500.0,500,1
360448,944,500.0,500,1
362496,945,500.0,500,1
362496,946,500.0,500,1
362496,947,500.0,500,1
362496,948,500.0,500,1
364544,949,500.0,500,1
364544,950,500.0,500,1
364544,951,500.0,500,1
364544,952,500.0,500,1
366592,953,500.0,500,1
366592,954,500.0,500,1
366592,955,500.0,500,1
366592,956,500.0,500,1
368640,957,500.0,500,1
368640,958,500.0,500,1
368640,959,500.0,500,1
368640,960,500.0,500,1
370688,961,500.0,500,1
370688,962,500.0,500,1
370688,963,168.0,168,1
370688,964,500.0,500,1
372736,965,500.0,500,1
372736,966,500.0,500,1
372736,967,500.0,500,1
372736,968,500.0,500,1
374784,969,500.0,500,1
374784,970,500.0,500,1
374784,971,500.0,500,1
374784,972,500.0,500,1
376832,973,500.0,500,1
376832,974,500.0,500,1
376832,975,500.0,500,1
376832,976,500.0,500,1
378880,977,500.0,500,1
378880,978,500.0,500,1
378880,979,500.0,500,1
378880,980,389.0,389,1
380928,981,500.0,500,1
380928,982,500.0,500,1
380928,983,500.0,500,1
380928,984,500.0,500,1
382976,985,500.0,500,1
382976,986,500.0,500,1
382976,987,500.0,500,1
382976,988,500.0,500,1
385024,989,500.0,500,1
385024,990,500.0,500,1
385024,991,500.0,500,1
385024,992,291.0,291,1
387072,993,500.0,500,1
387072,994,107.0,107,1
387072,995,500.0,500,1
387072,996,500.0,500,1
389120,997,500.0,500,1
389120,998,500.0,500,1
389120,999,500.0,500,1
389120,1000,500.0,500,1
391168,1001,71.0,71,1
391168,1002,500.0,500,1
391168,1003,500.0,500,1
391168,1004,500.0,500,1
393216,1005,208.0,208,1
393216,1006,500.0,500,1
393216,1007,500.0,500,1
393216,1008,500.0,500,1
395264,1009,500.0,500,1
395264,1010,500.0,500,1
395264,1011,219.0,219,1
395264,1012,500.0,500,1
397312,1013,500.0,500,1
397312,1014,500.0,500,1
397312,1015,500.0,500,1
397312,1016,500.0,500,1
399360,1017,500.0,500,1
399360,1018,500.0,500,1
399360,1019,500.0,500,1
399360,1020,500.0,500,1
401408,1021,500.0,500,1
401408,1022,500.0,500,1
401408,1023,500.0,500,1
401408,1024,500.0,500,1
403456,1025,500.0,500,1
403456,1026,500.0,500,1
403456,1027,500.0,500,1
403456,1028,500.0,500,1
405504,1029,500.0,500,1
405504,1030,500.0,500,1
405504,1031,500.0,500,1
405504,1032,500.0,500,1
407552,1033,435.0,435,1
407552,1034,500.0,500,1
407552,1035,500.0,500,1
407552,1036,500.0,500,1
409600,1037,500.0,500,1
409600,1038,500.0,500,1
409600,1039,500.0,500,1
409600,1040,227.0,227,1
411648,1041,500.0,500,1
411648,1042,500.0,500,1
411648,1043,500.0,500,1
411648,1044,378.0,378,1
413696,1045,500.0,500,1
413696,1046,158.0,158,1
413696,1047,500.0,500,1
413696,1048,200.0,200,1
413696,1049,500.0,500,1
415744,1050,312.0,312,1
415744,1051,500.0,500,1
415744,1052,500.0,500,1
415744,1053,500.0,500,1
417792,1054,500.0,500,1
417792,1055,500.0,500,1
417792,1056,500.0,500,1
417792,1057,500.0,500,1
419840,1058,500.0,500,1
419840,1059,500.0,500,1
419840,1060,500.0,500,1
419840,1061,500.0,500,1
421888,1062,500.0,500,1
421888,1063,500.0,500,1
421888,1064,500.0,500,1
421888,1065,500.0,500,1
423936,1066,500.0,500,1
423936,1067,500.0,500,1
423936,1068,500.0,500,1
423936,1069,500.0,500,1
425984,1070,195.0,195,1
425984,1071,500.0,500,1
425984,1072,500.0,500,1
425984,1073,500.0,500,1
428032,1074,500.0,500,1
428032,1075,500.0,500,1
428032,1076,250.0,250,1
428032,1077,402.0,402,1
430080,1078,500.0,500,1
430080,1079,190.0,190,1
430080,1080,500.0,500,1
430080,1081,500.0,500,1
432128,1082,365.0,365,1
432128,1083,372.0,372,1
432128,1084,163.0,163,1
432128,1085,208.0,208,1
432128,1086,328.0,328,1
432128,1087,485.0,485,1
434176,1088,500.0,500,1
434176,1089,500.0,500,1
434176,1090,308.0,308,1
434176,1091,500.0,500,1
436224,1092,424.0,424,1
436224,1093,500.0,500,1
436224,1094,500.0,500,1
436224,1095,500.0,500,1
438272,1096,291.0,291,1
438272,1097,500.0,500,1
438272,1098,500.0,500,1
438272,1099,500.0,500,1
440320,1100,500.0,500,1
440320,1101,339.0,339,1
440320,1102,379.0,379,1
440320,1103,343.0,343,1
440320,1104,278.0,278,1
442368,1105,500.0,500,1
442368,1106,500.0,500,1
442368,1107,241.0,241,1
442368,1108,240.0,240,1
442368,1109,251.0,251,1
444416,1110,500.0,500,1
444416,1111,500.0,500,1
444416,1112,398.0,398,1
444416,1113,500.0,500,1
446464,1114,339.0,339,1
446464,1115,472.0,472,1
446464,1116,500.0,500,1
446464,1117,414.0,414,1
448512,1118,479.0,479,1
448512,1119,500.0,500,1
448512,1120,359.0,359,1
448512,1121,500.0,500,1
450560,1122,500.0,500,1
450560,1123,461.0,461,1
450560,1124,500.0,500,1
450560,1125,500.0,500,1
452608,1126,253.0,253,1
452608,1127,368.0,368,1
452608,1128,402.0,402,1
452608,1129,334.0,334,1
452608,1130,391.0,391,1
454656,1131,500.0,500,1
454656,1132,500.0,500,1
454656,1133,500.0,500,1
454656,1134,500.0,500,1
456704,1135,272.0,272,1
456704,1136,500.0,500,1
456704,1137,500.0,500,1
456704,1138,500.0,500,1
458752,1139,500.0,500,1
458752,1140,500.0,500,1
458752,1141,500.0,500,1
458752,1142,500.0,500,1
460800,1143,500.0,500,1
460800,1144,399.0,399,1
460800,1145,500.0,500,1
460800,1146,500.0,500,1
462848,1147,500.0,500,1
462848,1148,500.0,500,1
462848,1149,500.0,500,1
462848,1150,500.0,500,1
464896,1151,500.0,500,1
464896,1152,500.0,500,1
464896,1153,500.0,500,1
464896,1154,500.0,500,1
466944,1155,500.0,500,1
466944,1156,500.0,500,1
466944,1157,500.0,500,1
466944,1158,500.0,500,1
468992,1159,500.0,500,1
468992,1160,500.0,500,1
468992,1161,500.0,500,1
468992,1162,500.0,500,1
471040,1163,500.0,500,1
471040,1164,500.0,500,1
471040,1165,500.0,500,1
471040,1166,500.0,500,1
473088,1167,500.0,500,1
473088,1168,500.0,500,1
473088,1169,500.0,500,1
473088,1170,500.0,500,1
475136,1171,500.0,500,1
475136,1172,500.0,500,1
475136,1173,368.0,368,1
475136,1174,500.0,500,1
477184,1175,407.0,407,1
477184,1176,500.0,500,1
477184,1177,374.0,374,1
477184,1178,500.0,500,1
479232,1179,390.0,390,1
479232,1180,337.0,337,1
479232,1181,500.0,500,1
479232,1182,401.0,401,1
481280,1183,500.0,500,1
481280,1184,382.0,382,1
481280,1185,392.0,392,1
481280,1186,332.0,332,1
481280,1187,299.0,299,1
483328,1188,340.0,340,1
483328,1189,467.0,467,1
483328,1190,310.0,310,1
483328,1191,416.0,416,1
483328,1192,454.0,454,1
485376,1193,468.0,468,1
485376,1194,356.0,356,1
485376,1195,437.0,437,1
485376,1196,500.0,500,1
487424,1197,500.0,500,1
487424,1198,500.0,500,1
487424,1199,500.0,500,1
487424,1200,500.0,500,1
489472,1201,500.0,500,1
489472,1202,500.0,500,1
489472,1203,500.0,500,1
489472,1204,500.0,500,1
491520,1205,240.0,240,1
491520,1206,500.0,500,1
491520,1207,500.0,500,1
491520,1208,500.0,500,1
493568,1209,500.0,500,1
493568,1210,500.0,500,1
493568,1211,500.0,500,1
493568,1212,500.0,500,1
495616,1213,500.0,500,1
495616,1214,500.0,500,1
495616,1215,500.0,500,1
495616,1216,500.0,500,1
497664,1217,500.0,500,1
497664,1218,500.0,500,1
497664,1219,500.0,500,1
497664,1220,500.0,500,1
499712,1221,500.0,500,1
499712,1222,500.0,500,1
499712,1223,500.0,500,1
499712,1224,500.0,500,1
501760,1225,500.0,500,1
501760,1226,500.0,500,1
501760,1227,500.0,500,1
501760,1228,500.0,500,1
503808,1229,500.0,500,1
503808,1230,500.0,500,1
503808,1231,500.0,500,1
503808,1232,500.0,500,1
505856,1233,500.0,500,1
505856,1234,500.0,500,1
505856,1235,500.0,500,1
505856,1236,500.0,500,1
507904,1237,500.0,500,1
507904,1238,500.0,500,1
507904,1239,500.0,500,1
507904,1240,500.0,500,1
509952,1241,500.0,500,1
509952,1242,500.0,500,1
509952,1243,500.0,500,1
509952,1244,500.0,500,1
512000,1245,500.0,500,1
512000,1246,500.0,500,1
512000,1247,500.0,500,1
512000,1248,500.0,500,1
514048,1249,500.0,500,1
514048,1250,500.0,500,1
514048,1251,500.0,500,1
514048,1252,500.0,500,1
516096,1253,500.0,500,1
516096,1254,500.0,500,1
516096,1255,500.0,500,1
516096,1256,500.0,500,1
518144,1257,500.0,500,1
518144,1258,500.0,500,1
518144,1259,500.0,500,1
518144,1260,500.0,500,1
520192,1261,500.0,500,1
520192,1262,500.0,500,1
520192,1263,500.0,500,1
520192,1264,500.0,500,1
522240,1265,500.0,500,1
522240,1266,500.0,500,1
522240,1267,500.0,500,1
522240,1268,500.0,500,1
524288,1269,500.0,500,1
524288,1270,500.0,500,1
524288,1271,434.0,434,1
524288,1272,500.0,500,1
526336,1273,500.0,500,1
526336,1274,500.0,500,1
526336,1275,500.0,500,1
526336,1276,500.0,500,1
528384,1277,500.0,500,1
528384,1278,500.0,500,1
528384,1279,500.0,500,1
528384,1280,500.0,500,1
530432,1281,500.0,500,1
530432,1282,500.0,500,1
530432,1283,500.0,500,1
530432,1284,500.0,500,1
532480,1285,500.0,500,1
532480,1286,500.0,500,1
532480,1287,500.0,500,1
532480,1288,500.0,500,1
534528,1289,500.0,500,1
534528,1290,500.0,500,1
534528,1291,500.0,500,1
534528,1292,500.0,500,1
536576,1293,500.0,500,1
536576,1294,500.0,500,1
536576,1295,500.0,500,1
536576,1296,500.0,500,1
538624,1297,500.0,500,1
538624,1298,500.0,500,1
538624,1299,500.0,500,1
538624,1300,500.0,500,1
540672,1301,500.0,500,1
540672,1302,500.0,500,1
540672,1303,500.0,500,1
540672,1304,500.0,500,1
542720,1305,425.0,425,1
542720,1306,500.0,500,1
542720,1307,500.0,500,1
542720,1308,461.0,461,1
544768,1309,500.0,500,1
544768,1310,500.0,500,1
544768,1311,500.0,500,1
544768,1312,500.0,500,1
546816,1313,500.0,500,1
546816,1314,500.0,500,1
546816,1315,500.0,500,1
546816,1316,500.0,500,1
548864,1317,500.0,500,1
548864,1318,443.0,443,1
548864,1319,500.0,500,1
548864,1320,500.0,500,1
550912,1321,500.0,500,1
550912,1322,500.0,500,1
550912,1323,500.0,500,1
550912,1324,500.0,500,1
552960,1325,500.0,500,1
552960,1326,500.0,500,1
552960,1327,500.0,500,1
552960,1328,500.0,500,1
555008,1329,500.0,500,1
555008,1330,500.0,500,1
555008,1331,500.0,500,1
555008,1332,500.0,500,1
557056,1333,500.0,500,1
557056,1334,500.0,500,1
557056,1335,459.0,459,1
557056,1336,500.0,500,1
559104,1337,474.0,474,1
559104,1338,500.0,500,1
559104,1339,500.0,500,1
559104,1340,168.0,168,1
561152,1341,500.0,500,1
561152,1342,500.0,500,1
561152,1343,500.0,500,1
561152,1344,476.0,476,1
563200,1345,500.0,500,1
563200,1346,500.0,500,1
563200,1347,500.0,500,1
563200,1348,500.0,500,1
565248,1349,500.0,500,1
565248,1350,500.0,500,1
565248,1351,500.0,500,1
565248,1352,500.0,500,1
567296,1353,500.0,500,1
567296,1354,500.0,500,1
567296,1355,500.0,500,1
567296,1356,500.0,500,1
569344,1357,500.0,500,1
569344,1358,500.0,500,1
569344,1359,500.0,500,1
569344,1360,500.0,500,1
571392,1361,500.0,500,1
571392,1362,500.0,500,1
571392,1363,500.0,500,1
571392,1364,500.0,500,1
573440,1365,500.0,500,1
573440,1366,500.0,500,1
573440,1367,500.0,500,1
573440,1368,500.0,500,1
575488,1369,500.0,500,1
575488,1370,500.0,500,1
575488,1371,500.0,500,1
575488,1372,500.0,500,1
577536,1373,500.0,500,1
577536,1374,308.0,308,1
577536,1375,500.0,500,1
577536,1376,500.0,500,1
579584,1377,500.0,500,1
579584,1378,500.0,500,1
579584,1379,500.0,500,1
579584,1380,500.0,500,1
581632,1381,500.0,500,1
581632,1382,500.0,500,1
581632,1383,500.0,500,1
581632,1384,500.0,500,1
583680,1385,367.0,367,1
583680,1386,397.0,397,1
583680,1387,500.0,500,1
583680,1388,500.0,500,1
585728,1389,500.0,500,1
585728,1390,500.0,500,1
585728,1391,500.0,500,1
585728,1392,500.0,500,1
587776,1393,500.0,500,1
587776,1394,500.0,500,1
587776,1395,500.0,500,1
587776,1396,500.0,500,1
589824,1397,500.0,500,1
589824,1398,500.0,500,1
589824,1399,500.0,500,1
589824,1400,500.0,500,1
591872,1401,170.0,170,1
591872,1402,500.0,500,1
591872,1403,500.0,500,1
591872,1404,500.0,500,1
593920,1405,500.0,500,1
593920,1406,500.0,500,1
593920,1407,500.0,500,1
593920,1408,421.0,421,1
595968,1409,500.0,500,1
595968,1410,500.0,500,1
595968,1411,500.0,500,1
595968,1412,500.0,500,1
598016,1413,500.0,500,1
598016,1414,500.0,500,1
598016,1415,500.0,500,1
598016,1416,500.0,500,1
600064,1417,500.0,500,1
600064,1418,500.0,500,1
600064,1419,500.0,500,1
600064,1420,500.0,500,1
602112,1421,500.0,500,1
602112,1422,500.0,500,1
602112,1423,500.0,500,1
602112,1424,500.0,500,1
604160,1425,500.0,500,1
604160,1426,500.0,500,1
604160,1427,500.0,500,1
604160,1428,500.0,500,1
606208,1429,500.0,500,1
606208,1430,500.0,500,1
606208,1431,192.0,192,1
606208,1432,500.0,500,1
608256,1433,500.0,500,1
608256,1434,500.0,500,1
608256,1435,500.0,500,1
608256,1436,500.0,500,1
610304,1437,500.0,500,1
610304,1438,500.0,500,1
610304,1439,500.0,500,1
610304,1440,500.0,500,1
612352,1441,500.0,500,1
612352,1442,500.0,500,1
612352,1443,500.0,500,1
612352,1444,500.0,500,1
614400,1445,500.0,500,1
614400,1446,500.0,500,1
614400,1447,500.0,500,1
614400,1448,500.0,500,1
616448,1449,500.0,500,1
616448,1450,500.0,500,1
616448,1451,500.0,500,1
616448,1452,500.0,500,1
618496,1453,500.0,500,1
618496,1454,500.0,500,1
618496,1455,500.0,500,1
618496,1456,500.0,500,1
620544,1457,233.0,233,1
620544,1458,500.0,500,1
620544,1459,500.0,500,1
620544,1460,500.0,500,1
622592,1461,500.0,500,1
622592,1462,500.0,500,1
622592,1463,500.0,500,1
622592,1464,487.0,487,1
624640,1465,500.0,500,1
624640,1466,398.0,398,1
624640,1467,500.0,500,1
624640,1468,500.0,500,1
626688,1469,500.0,500,1
626688,1470,500.0,500,1
626688,1471,500.0,500,1
626688,1472,500.0,500,1
628736,1473,500.0,500,1
628736,1474,500.0,500,1
628736,1475,500.0,500,1
628736,1476,500.0,500,1
630784,1477,500.0,500,1
630784,1478,500.0,500,1
630784,1479,500.0,500,1
630784,1480,500.0,500,1
632832,1481,500.0,500,1
632832,1482,500.0,500,1
632832,1483,500.0,500,1
632832,1484,500.0,500,1
634880,1485,500.0,500,1
634880,1486,500.0,500,1
634880,1487,500.0,500,1
634880,1488,500.0,500,1
636928,1489,500.0,500,1
636928,1490,500.0,500,1
636928,1491,500.0,500,1
636928,1492,500.0,500,1
638976,1493,500.0,500,1
638976,1494,500.0,500,1
638976,1495,500.0,500,1
638976,1496,500.0,500,1
641024,1497,500.0,500,1
641024,1498,500.0,500,1
641024,1499,500.0,500,1
641024,1500,500.0,500,1
643072,1501,392.0,392,1
643072,1502,500.0,500,1
643072,1503,500.0,500,1
643072,1504,500.0,500,1
645120,1505,500.0,500,1
645120,1506,500.0,500,1
645120,1507,500.0,500,1
645120,1508,500.0,500,1
647168,1509,500.0,500,1
647168,1510,500.0,500,1
647168,1511,500.0,500,1
647168,1512,500.0,500,1
649216,1513,500.0,500,1
649216,1514,500.0,500,1
649216,1515,500.0,500,1
649216,1516,500.0,500,1
651264,1517,500.0,500,1
651264,1518,500.0,500,1
651264,1519,500.0,500,1
651264,1520,500.0,500,1
653312,1521,500.0,500,1
653312,1522,500.0,500,1
653312,1523,500.0,500,1
653312,1524,500.0,500,1
655360,1525,500.0,500,1
655360,1526,500.0,500,1
655360,1527,500.0,500,1
655360,1528,192.0,192,1
657408,1529,500.0,500,1
657408,1530,500.0,500,1
657408,1531,500.0,500,1
657408,1532,500.0,500,1
659456,1533,500.0,500,1
659456,1534,500.0,500,1
659456,1535,500.0,500,1
659456,1536,500.0,500,1
661504,1537,500.0,500,1
661504,1538,500.0,500,1
661504,1539,500.0,500,1
661504,1540,500.0,500,1
663552,1541,500.0,500,1
663552,1542,500.0,500,1
663552,1543,500.0,500,1
663552,1544,500.0,500,1
665600,1545,500.0,500,1
665600,1546,500.0,500,1
665600,1547,500.0,500,1
665600,1548,500.0,500,1
667648,1549,500.0,500,1
667648,1550,500.0,500,1
667648,1551,500.0,500,1
667648,1552,500.0,500,1
669696,1553,500.0,500,1
669696,1554,500.0,500,1
669696,1555,500.0,500,1
669696,1556,500.0,500,1
671744,1557,500.0,500,1
671744,1558,500.0,500,1
671744,1559,500.0,500,1
671744,1560,500.0,500,1
673792,1561,500.0,500,1
673792,1562,500.0,500,1
673792,1563,500.0,500,1
673792,1564,500.0,500,1
675840,1565,500.0,500,1
675840,1566,500.0,500,1
675840,1567,500.0,500,1
675840,1568,500.0,500,1
677888,1569,500.0,500,1
677888,1570,500.0,500,1
677888,1571,500.0,500,1
677888,1572,500.0,500,1
679936,1573,500.0,500,1
679936,1574,500.0,500,1
679936,1575,500.0,500,1
679936,1576,500.0,500,1
681984,1577,500.0,500,1
681984,1578,500.0,500,1
681984,1579,500.0,500,1
681984,1580,500.0,500,1
684032,1581,500.0,500,1
684032,1582,500.0,500,1
684032,1583,500.0,500,1
684032,1584,500.0,500,1
686080,1585,500.0,500,1
686080,1586,500.0,500,1
686080,1587,500.0,500,1
686080,1588,500.0,500,1
688128,1589,500.0,500,1
688128,1590,500.0,500,1
688128,1591,500.0,500,1
688128,1592,500.0,500,1
690176,1593,500.0,500,1
690176,1594,500.0,500,1
690176,1595,500.0,500,1
690176,1596,500.0,500,1
692224,1597,500.0,500,1
692224,1598,500.0,500,1
692224,1599,500.0,500,1
692224,1600,500.0,500,1
694272,1601,500.0,500,1
694272,1602,500.0,500,1
694272,1603,500.0,500,1
694272,1604,500.0,500,1
696320,1605,500.0,500,1
696320,1606,500.0,500,1
696320,1607,500.0,500,1
696320,1608,500.0,500,1
698368,1609,500.0,500,1
698368,1610,500.0,500,1
698368,1611,500.0,500,1
698368,1612,500.0,500,1
700416,1613,500.0,500,1
700416,1614,500.0,500,1
700416,1615,500.0,500,1
700416,1616,500.0,500,1
702464,1617,500.0,500,1
702464,1618,500.0,500,1
702464,1619,500.0,500,1
702464,1620,500.0,500,1
704512,1621,500.0,500,1
704512,1622,500.0,500,1
704512,1623,500.0,500,1
704512,1624,500.0,500,1
706560,1625,500.0,500,1
706560,1626,500.0,500,1
706560,1627,90.0,90,1
706560,1628,255.0,255,1
706560,1629,500.0,500,1
708608,1630,500.0,500,1
708608,1631,242.0,242,1
708608,1632,459.0,459,1
708608,1633,500.0,500,1
710656,1634,500.0,500,1
710656,1635,500.0,500,1
710656,1636,500.0,500,1
710656,1637,500.0,500,1
712704,1638,500.0,500,1
712704,1639,500.0,500,1
712704,1640,500.0,500,1
712704,1641,500.0,500,1
714752,1642,500.0,500,1
714752,1643,500.0,500,1
714752,1644,500.0,500,1
714752,1645,500.0,500,1
716800,1646,500.0,500,1
716800,1647,500.0,500,1
716800,1648,500.0,500,1
716800,1649,500.0,500,1
718848,1650,500.0,500,1
718848,1651,500.0,500,1
718848,1652,500.0,500,1
718848,1653,500.0,500,1
720896,1654,500.0,500,1
720896,1655,500.0,500,1
720896,1656,500.0,500,1
720896,1657,500.0,500,1
722944,1658,500.0,500,1
722944,1659,500.0,500,1
722944,1660,500.0,500,1
722944,1661,500.0,500,1
724992,1662,500.0,500,1
724992,1663,500.0,500,1
724992,1664,500.0,500,1
724992,1665,500.0,500,1
727040,1666,500.0,500,1
727040,1667,500.0,500,1
727040,1668,500.0,500,1
727040,1669,65.0,65,1
729088,1670,500.0,500,1
729088,1671,79.0,79,1
729088,1672,500.0,500,1
729088,1673,500.0,500,1
731136,1674,225.0,225,1
731136,1675,500.0,500,1
731136,1676,500.0,500,1
731136,1677,500.0,500,1
733184,1678,500.0,500,1
733184,1679,500.0,500,1
733184,1680,500.0,500,1
733184,1681,82.0,82,1
735232,1682,500.0,500,1
735232,1683,500.0,500,1
735232,1684,500.0,500,1
735232,1685,500.0,500,1
737280,1686,500.0,500,1
737280,1687,500.0,500,1
737280,1688,500.0,500,1
737280,1689,500.0,500,1
739328,1690,500.0,500,1
739328,1691,500.0,500,1
739328,1692,500.0,500,1
739328,1693,500.0,500,1
741376,1694,500.0,500,1
741376,1695,500.0,500,1
741376,1696,500.0,500,1
741376,1697,500.0,500,1
743424,1698,500.0,500,1
743424,1699,500.0,500,1
743424,1700,500.0,500,1
743424,1701,500.0,500,1
745472,1702,500.0,500,1
745472,1703,500.0,500,1
745472,1704,500.0,500,1
745472,1705,75.0,75,1
747520,1706,500.0,500,1
747520,1707,500.0,500,1
747520,1708,500.0,500,1
747520,1709,486.0,486,1
749568,1710,500.0,500,1
749568,1711,500.0,500,1
749568,1712,500.0,500,1
749568,1713,500.0,500,1
751616,1714,500.0,500,1
751616,1715,500.0,500,1
751616,1716,500.0,500,1
751616,1717,500.0,500,1
753664,1718,500.0,500,1
753664,1719,500.0,500,1
753664,1720,500.0,500,1
753664,1721,500.0,500,1
755712,1722,500.0,500,1
755712,1723,500.0,500,1
755712,1724,500.0,500,1
755712,1725,500.0,500,1
757760,1726,500.0,500,1
757760,1727,500.0,500,1
757760,1728,500.0,500,1
757760,1729,500.0,500,1
759808,1730,500.0,500,1
759808,1731,500.0,500,1
759808,1732,500.0,500,1
759808,1733,458.0,458,1
761856,1734,500.0,500,1
761856,1735,500.0,500,1
761856,1736,500.0,500,1
761856,1737,500.0,500,1
763904,1738,500.0,500,1
763904,1739,500.0,500,1
763904,1740,23.0,23,1
763904,1741,500.0,500,1
763904,1742,500.0,500,1
765952,1743,500.0,500,1
765952,1744,500.0,500,1
765952,1745,500.0,500,1
765952,1746,500.0,500,1
768000,1747,500.0,500,1
768000,1748,500.0,500,1
768000,1749,500.0,500,1
768000,1750,500.0,500,1
770048,1751,500.0,500,1
770048,1752,500.0,500,1
770048,1753,500.0,500,1
770048,1754,500.0,500,1
772096,1755,500.0,500,1
772096,1756,500.0,500,1
772096,1757,500.0,500,1
772096,1758,500.0,500,1
774144,1759,500.0,500,1
774144,1760,500.0,500,1
774144,1761,500.0,500,1
774144,1762,448.0,448,1
776192,1763,500.0,500,1
776192,1764,500.0,500,1
776192,1765,500.0,500,1
776192,1766,500.0,500,1
778240,1767,500.0,500,1
778240,1768,344.0,344,1
778240,1769,500.0,500,1
778240,1770,500.0,500,1
778240,1771,158.0,158,1
780288,1772,500.0,500,1
780288,1773,500.0,500,1
780288,1774,500.0,500,1
780288,1775,500.0,500,1
782336,1776,500.0,500,1
782336,1777,500.0,500,1
782336,1778,500.0,500,1
782336,1779,356.0,356,1
784384,1780,500.0,500,1
784384,1781,500.0,500,1
784384,1782,500.0,500,1
784384,1783,500.0,500,1
786432,1784,500.0,500,1
786432,1785,500.0,500,1
786432,1786,500.0,500,1
786432,1787,500.0,500,1
788480,1788,140.0,140,1
788480,1789,500.0,500,1
788480,1790,500.0,500,1
788480,1791,27.0,27,1
788480,1792,500.0,500,1
790528,1793,500.0,500,1
790528,1794,500.0,500,1
790528,1795,500.0,500,1
790528,1796,500.0,500,1
792576,1797,500.0,500,1
792576,1798,500.0,500,1
792576,1799,387.0,387,1
792576,1800,374.0,374,1
794624,1801,500.0,500,1
794624,1802,500.0,500,1
794624,1803,198.0,198,1
794624,1804,500.0,500,1
796672,1805,500.0,500,1
796672,1806,500.0,500,1
796672,1807,500.0,500,1
796672,1808,500.0,500,1
798720,1809,500.0,500,1
798720,1810,500.0,500,1
798720,1811,500.0,500,1
798720,1812,500.0,500,1
800768,1813,500.0,500,1
800768,1814,500.0,500,1
800768,1815,500.0,500,1
800768,1816,500.0,500,1
802816,1817,500.0,500,1
802816,1818,500.0,500,1
802816,1819,500.0,500,1
802816,1820,500.0,500,1
804864,1821,500.0,500,1
804864,1822,500.0,500,1
804864,1823,500.0,500,1
804864,1824,500.0,500,1
806912,1825,500.0,500,1
806912,1826,500.0,500,1
806912,1827,500.0,500,1
806912,1828,500.0,500,1
808960,1829,256.0,256,1
808960,1830,500.0,500,1
808960,1831,442.0,442,1
808960,1832,391.0,391,1
811008,1833,500.0,500,1
811008,1834,500.0,500,1
811008,1835,500.0,500,1
811008,1836,500.0,500,1
813056,1837,500.0,500,1
813056,1838,500.0,500,1
813056,1839,22.0,22,1
813056,1840,277.0,277,1
813056,1841,500.0,500,1
815104,1842,280.0,280,1
815104,1843,500.0,500,1
815104,1844,169.0,169,1
815104,1845,500.0,500,1
815104,1846,500.0,500,1
817152,1847,500.0,500,1
817152,1848,500.0,500,1
817152,1849,500.0,500,1
817152,1850,500.0,500,1
819200,1851,500.0,500,1
819200,1852,500.0,500,1
819200,1853,500.0,500,1
819200,1854,500.0,500,1
821248,1855,500.0,500,1
821248,1856,500.0,500,1
821248,1857,500.0,500,1
821248,1858,500.0,500,1
823296,1859,500.0,500,1
823296,1860,500.0,500,1
823296,1861,500.0,500,1
823296,1862,500.0,500,1
825344,1863,500.0,500,1
825344,1864,500.0,500,1
825344,1865,500.0,500,1
825344,1866,500.0,500,1
827392,1867,500.0,500,1
827392,1868,500.0,500,1
827392,1869,500.0,500,1
827392,1870,500.0,500,1
829440,1871,500.0,500,1
829440,1872,500.0,500,1
829440,1873,500.0,500,1
829440,1874,500.0,500,1
831488,1875,500.0,500,1
831488,1876,500.0,500,1
831488,1877,500.0,500,1
831488,1878,500.0,500,1
833536,1879,500.0,500,1
833536,1880,500.0,500,1
833536,1881,500.0,500,1
833536,1882,500.0,500,1
835584,1883,500.0,500,1
835584,1884,500.0,500,1
835584,1885,500.0,500,1
835584,1886,500.0,500,1
837632,1887,500.0,500,1
837632,1888,500.0,500,1
837632,1889,500.0,500,1
837632,1890,500.0,500,1
839680,1891,500.0,500,1
839680,1892,500.0,500,1
839680,1893,500.0,500,1
839680,1894,500.0,500,1
841728,1895,500.0,500,1
841728,1896,500.0,500,1
841728,1897,500.0,500,1
841728,1898,500.0,500,1
843776,1899,500.0,500,1
843776,1900,500.0,500,1
843776,1901,500.0,500,1
843776,1902,481.0,481,1
845824,1903,500.0,500,1
845824,1904,500.0,500,1
845824,1905,500.0,500,1
845824,1906,500.0,500,1
847872,1907,500.0,500,1
847872,1908,500.0,500,1
847872,1909,500.0,500,1
847872,1910,500.0,500,1
849920,1911,500.0,500,1
849920,1912,500.0,500,1
849920,1913,500.0,500,1
849920,1914,500.0,500,1
851968,1915,500.0,500,1
851968,1916,500.0,500,1
851968,1917,500.0,500,1
851968,1918,500.0,500,1
854016,1919,500.0,500,1
854016,1920,500.0,500,1
854016,1921,500.0,500,1
854016,1922,500.0,500,1
856064,1923,233.0,233,1
856064,1924,500.0,500,1
856064,1925,500.0,500,1
856064,1926,500.0,500,1
858112,1927,500.0,500,1
858112,1928,500.0,500,1
858112,1929,500.0,500,1
858112,1930,500.0,500,1
860160,1931,500.0,500,1
860160,1932,500.0,500,1
860160,1933,500.0,500,1
860160,1934,500.0,500,1
862208,1935,500.0,500,1
862208,1936,500.0,500,1
862208,1937,500.0,500,1
862208,1938,500.0,500,1
864256,1939,500.0,500,1
864256,1940,500.0,500,1
864256,1941,500.0,500,1
864256,1942,500.0,500,1
866304,1943,500.0,500,1
866304,1944,500.0,500,1
866304,1945,500.0,500,1
866304,1946,500.0,500,1
868352,1947,500.0,500,1
868352,1948,500.0,500,1
868352,1949,500.0,500,1
868352,1950,500.0,500,1
870400,1951,500.0,500,1
870400,1952,500.0,500,1
870400,1953,500.0,500,1
870400,1954,500.0,500,1
872448,1955,500.0,500,1
872448,1956,500.0,500,1
872448,1957,500.0,500,1
872448,1958,500.0,500,1
874496,1959,500.0,500,1
874496,1960,500.0,500,1
874496,1961,500.0,500,1
874496,1962,500.0,500,1
876544,1963,500.0,500,1
876544,1964,500.0,500,1
876544,1965,500.0,500,1
876544,1966,500.0,500,1
878592,1967,500.0,500,1
878592,1968,500.0,500,1
878592,1969,500.0,500,1
878592,1970,500.0,500,1
880640,1971,500.0,500,1
880640,1972,500.0,500,1
880640,1973,500.0,500,1
880640,1974,500.0,500,1
882688,1975,500.0,500,1
882688,1976,500.0,500,1
882688,1977,500.0,500,1
882688,1978,500.0,500,1
884736,1979,500.0,500,1
884736,1980,500.0,500,1
884736,1981,500.0,500,1
884736,1982,500.0,500,1
886784,1983,500.0,500,1
886784,1984,500.0,500,1
886784,1985,500.0,500,1
886784,1986,500.0,500,1
888832,1987,500.0,500,1
888832,1988,500.0,500,1
888832,1989,500.0,500,1
888832,1990,500.0,500,1
890880,1991,500.0,500,1
890880,1992,500.0,500,1
890880,1993,500.0,500,1
890880,1994,500.0,500,1
892928,1995,500.0,500,1
892928,1996,500.0,500,1
892928,1997,500.0,500,1
892928,1998,500.0,500,1
894976,1999,500.0,500,1
894976,2000,500.0,500,1
894976,2001,500.0,500,1
894976,2002,500.0,500,1
897024,2003,500.0,500,1
897024,2004,500.0,500,1
897024,2005,500.0,500,1
897024,2006,500.0,500,1
899072,2007,500.0,500,1
899072,2008,221.0,221,1
899072,2009,500.0,500,1
899072,2010,500.0,500,1
901120,2011,500.0,500,1
901120,2012,500.0,500,1
901120,2013,500.0,500,1
901120,2014,500.0,500,1
903168,2015,500.0,500,1
903168,2016,500.0,500,1
903168,2017,500.0,500,1
903168,2018,500.0,500,1
905216,2019,500.0,500,1
905216,2020,500.0,500,1
905216,2021,500.0,500,1
905216,2022,500.0,500,1
907264,2023,500.0,500,1
907264,2024,500.0,500,1
907264,2025,44.0,44,1
907264,2026,500.0,500,1
907264,2027,500.0,500,1
909312,2028,500.0,500,1
909312,2029,500.0,500,1
909312,2030,500.0,500,1
909312,2031,500.0,500,1
911360,2032,500.0,500,1
911360,2033,500.0,500,1
911360,2034,500.0,500,1
911360,2035,500.0,500,1
913408,2036,500.0,500,1
913408,2037,500.0,500,1
913408,2038,500.0,500,1
913408,2039,500.0,500,1
915456,2040,500.0,500,1
915456,2041,500.0,500,1
915456,2042,500.0,500,1
915456,2043,500.0,500,1
917504,2044,500.0,500,1
917504,2045,500.0,500,1
917504,2046,500.0,500,1
917504,2047,500.0,500,1
919552,2048,500.0,500,1
919552,2049,500.0,500,1
919552,2050,500.0,500,1
919552,2051,399.0,399,1
921600,2052,500.0,500,1
921600,2053,319.0,319,1
921600,2054,500.0,500,1
921600,2055,500.0,500,1
923648,2056,500.0,500,1
923648,2057,52.0,52,1
923648,2058,500.0,500,1
923648,2059,500.0,500,1
925696,2060,500.0,500,1
925696,2061,500.0,500,1
925696,2062,68.0,68,1
925696,2063,500.0,500,1
927744,2064,500.0,500,1
927744,2065,500.0,500,1
927744,2066,500.0,500,1
927744,2067,500.0,500,1
929792,2068,500.0,500,1
929792,2069,500.0,500,1
929792,2070,188.0,188,1
929792,2071,500.0,500,1
931840,2072,500.0,500,1
931840,2073,500.0,500,1
931840,2074,500.0,500,1
931840,2075,107.0,107,1
933888,2076,500.0,500,1
933888,2077,500.0,500,1
933888,2078,500.0,500,1
933888,2079,500.0,500,1
935936,2080,500.0,500,1
935936,2081,500.0,500,1
935936,2082,500.0,500,1
935936,2083,500.0,500,1
937984,2084,500.0,500,1
937984,2085,500.0,500,1
937984,2086,500.0,500,1
937984,2087,500.0,500,1
940032,2088,500.0,500,1
940032,2089,500.0,500,1
940032,2090,45.0,45,1
940032,2091,500.0,500,1
940032,2092,500.0,500,1
942080,2093,500.0,500,1
942080,2094,500.0,500,1
942080,2095,500.0,500,1
942080,2096,500.0,500,1
944128,2097,500.0,500,1
944128,2098,500.0,500,1
944128,2099,500.0,500,1
944128,2100,500.0,500,1
946176,2101,500.0,500,1
946176,2102,500.0,500,1
946176,2103,500.0,500,1
946176,2104,500.0,500,1
948224,2105,500.0,500,1
948224,2106,500.0,500,1
948224,2107,91.0,91,1
948224,2108,500.0,500,1
950272,2109,500.0,500,1
950272,2110,500.0,500,1
950272,2111,500.0,500,1
950272,2112,500.0,500,1
952320,2113,500.0,500,1
952320,2114,500.0,500,1
952320,2115,500.0,500,1
952320,2116,500.0,500,1
954368,2117,500.0,500,1
954368,2118,500.0,500,1
954368,2119,500.0,500,1
954368,2120,500.0,500,1
956416,2121,500.0,500,1
956416,2122,500.0,500,1
956416,2123,500.0,500,1
956416,2124,500.0,500,1
958464,2125,500.0,500,1
958464,2126,500.0,500,1
958464,2127,500.0,500,1
958464,2128,500.0,500,1
960512,2129,36.0,36,1
960512,2130,500.0,500,1
960512,2131,500.0,500,1
960512,2132,500.0,500,1
960512,2133,500.0,500,1
962560,2134,500.0,500,1
962560,2135,500.0,500,1
962560,2136,500.0,500,1
962560,2137,500.0,500,1
964608,2138,500.0,500,1
964608,2139,500.0,500,1
964608,2140,36.0,36,1
964608,2141,500.0,500,1
964608,2142,500.0,500,1
966656,2143,500.0,500,1
966656,2144,500.0,500,1
966656,2145,500.0,500,1
966656,2146,500.0,500,1
968704,2147,500.0,500,1
968704,2148,500.0,500,1
968704,2149,500.0,500,1
968704,2150,500.0,500,1
970752,2151,500.0,500,1
970752,2152,500.0,500,1
970752,2153,500.0,500,1
970752,2154,500.0,500,1
972800,2155,500.0,500,1
972800,2156,500.0,500,1
972800,2157,63.0,63,1
972800,2158,500.0,500,1
974848,2159,12.0,12,1
974848,2160,500.0,500,1
974848,2161,15.0,15,1
974848,2162,500.0,500,1
974848,2163,500.0,500,1
974848,2164,500.0,500,1
976896,2165,500.0,500,1
976896,2166,500.0,500,1
976896,2167,500.0,500,1
976896,2168,500.0,500,1
978944,2169,500.0,500,1
978944,2170,500.0,500,1
978944,2171,500.0,500,1
978944,2172,500.0,500,1
980992,2173,500.0,500,1
980992,2174,500.0,500,1
980992,2175,500.0,500,1
980992,2176,500.0,500,1
983040,2177,50.0,50,1
983040,2178,15.0,15,1
983040,2179,500.0,500,1
983040,2180,500.0,500,1
983040,2181,500.0,500,1
985088,2182,41.0,41,1
985088,2183,15.0,15,1
985088,2184,42.0,42,1
985088,2185,13.0,13,1
985088,2186,500.0,500,1
985088,2187,500.0,500,1
985088,2188,500.0,500,1
987136,2189,500.0,500,1
987136,2190,500.0,500,1
987136,2191,500.0,500,1
987136,2192,500.0,500,1
989184,2193,500.0,500,1
989184,2194,500.0,500,1
989184,2195,500.0,500,1
989184,2196,500.0,500,1
991232,2197,500.0,500,1
991232,2198,500.0,500,1
991232,2199,46.0,46,1
991232,2200,61.0,61,1
991232,2201,500.0,500,1
993280,2202,500.0,500,1
993280,2203,500.0,500,1
993280,2204,500.0,500,1
993280,2205,500.0,500,1
995328,2206,500.0,500,1
995328,2207,500.0,500,1
995328,2208,500.0,500,1
995328,2209,500.0,500,1
997376,2210,500.0,500,1
997376,2211,500.0,500,1
997376,2212,500.0,500,1
997376,2213,500.0,500,1
999424,2214,500.0,500,1
999424,2215,500.0,500,1
999424,2216,500.0,500,1
999424,2217,500.0,500,1
1000000,2218,500.0,500,1
